6,Avene,1
7,Lancome,0
8,Clarins,0
9,Gucci,1
10,Yves Saint Laurent,0
11,Lacoste,1
12,Diesel,0
13,Calvin Klein,1
14,Giorgio Armani,1
15,Emporio Armani,1
16,Hugo Boss,1
17,Ralph Lauren,0
18,Burberry,0
19,Carolina Herrera,0
20,Paco Rabanne,1
21,Dolce &amp; Gabbana,1
22,Joop,0
23,Davidoff,0
24,Kate Moss,0
25,Beckham,0
26,Sarah Jessica Parker,0
27,Kylie Minogue,0
28,Kenzo,1
29,Cacharel,0
30,Paul Smith,0
31,Gwen Stefani,0
32,Mango,0
33,Jennifer Lopez,0
34,Chopard,0
36,Oscar De La Renta,0
37,Fendi,0
38,De Torrente,0
39,Elizabeth Taylor,0
40,Rochas,0
41,Eau De Moschino,0
42,Dunhill,1
43,Ghost,0
44,Givenchy,0
45,Cerruti,0
46,Lolita Lempicka,0
47,Garnier,1
48,L&#39;Oreal Paris,1
49,MaxFactor,0
50,Maybelline,1
51,Rimmel,1
52,Bourjois,1
53,E45,1
54,4Head,1
56,Aapri,1
57,Abbott,0
58,Abidec,1
59,Accu-Chek,1
60,Acqua Di Selva,0
61,Acriflex,1
62,Actifed,1
63,Adcortyl,0
64,Adios,1
65,Alka-Seltzer,1
66,Aloclair,1
67,Alomide Allergy,0
68,Alphosyl,0
69,Anadin,1
70,Andrews,1
71,Anthisan,1
72,Anusol,1
73,Arm &amp; Hammer,0
74,Arrid,0
75,Asilone,0
76,Aspro Clear,0
77,Astral,0
78,Atrixo,0
79,Audiclean,1
80,Audispray,0
81,Aussie,0
82,Autan,1
83,Aveeno,1
84,Avent,1
85,Avoca,0
86,Bach,0
87,Badedas,0
88,Balmosa,0
89,Balneum,1
90,Bassetts,1
91,Batiste,0
92,Bausch &amp; Lomb,1
93,Beconase,1
94,Beechams,1
95,Benadryl,1
96,Benefibre,1
97,Benylin,1
98,Bepanthen,1
99,Berocca,0
100,Bic,0
101,Bickiepegs,1
102,PharmaNord,0
103,BioFreeze,1
104,Biotene,1
105,Bioxtra,0
106,Bisodol,0
107,Blink,1
108,Blistex,0
109,Bonjela,1
110,Boston,0
111,Braggs,0
112,Braun,1
113,Brochlor,0
114,Brolene,1
115,Brylcreem,0
116,Berkeley Square London,0
117,Buccastem,1
118,Build Up,0
119,Buscopan,1
120,Buttercup,1
121,Cabot,0
122,Califig,0
123,Calmurid,0
124,Calpol,1
125,Canderel,0
126,Canesten,1
127,Carmex,1
128,Carnation,1
129,Centrum,0
130,Clarityn,1
131,Clean &amp; Clear,1
132,Clearasil,1
133,Clearblue,1
135,Colief,1
136,Compeed,1
137,Complan,1
138,Complete,0
139,Contac,1
140,Covonia,1
141,Crampex,0
142,Crest,0
143,Cuplex,1
144,Cuprofen,1
145,Cura-Heat,1
146,Curanail,1
147,Cymalon,1
148,Daktacort HC,1
149,Daktarin,1
150,Day &amp; Night Nurse,1
151,Deep Freeze,1
152,Deep Relief,0
153,Dentinox,1
154,Dentu-Creme,0
155,Dequa Spray,0
156,Dequacaine,0
157,Dequadin,0
158,Derbac-M,0
159,Dermatix,1
160,Dermidex,0
161,Dermol,1
162,Dettol,0
163,Dextro Energy,0
164,Diocalm,0
165,Dioralyte,1
166,Diprobase,1
167,Disprin,1
168,Doublebase,1
169,Dove,0
170,Drapolene,1
171,Driclor,1
172,Duracell,0
173,Durex,1
174,Dymotil,0
175,EarCalm,1
176,Earex,0
177,Earol,0
178,Easy Breathe,0
180,Elgydium,1
181,Eludril,1
182,Email Diamant,0
183,Endekay,0
184,Enos,0
185,Eucerin,1
186,Exorex,1
187,Eurax,1
188,Fade-Out,0
189,Family Doctor,0
190,Femfresh,0
191,Fenistil,0
192,Fenjal,0
193,Fisherman's Friend,0
194,Fixodent,1
195,Flexitol,1
196,Flixonase Allergy,0
197,Floradix Formula,0
198,Florisene,0
199,Foreceval,0
200,Fortuna,1
201,Frador,0
202,Freederm,1
203,Full Marks,0
204,Fybogel,1
205,Galloways,0
206,Gastrocote,0
207,Gaviscon,1
208,Gengigel,1
209,Germolene,1
210,Germoloids,0
211,Gillette,1
212,Goddards,0
213,Golden Eye,1
214,Grecian 2000,0
215,Happinose,0
216,Harmony,0
217,Haliborange,0
218,Head &amp; Shoulders,0
219,HealthAid,1
220,Health Perception,0
221,Hedex,1
222,Hermesetas,0
223,Hill's Balsam,0
224,Hirudoid,0
225,Hofels,0
226,Holex,0
227,Honeyrose,1
228,Huggies,0
229,Ibuleve,1
230,Imedeen,1
231,Imigran,0
232,Imodium,1
233,Impulse,0
234,J.Collis Browne's,0
235,Born Blonde,0
236,Jet-Ease,0
237,Johnson&#39;s,1
238,Jolen,0
239,Jungle Formula,1
240,Just For Men,0
242,Vega,0
243,Nurofen,1
244,Senokot,1
245,Piriton,1
247,Oilatum,1
248,Polytar,0
249,Panoxyl,0
250,Zovirax,1
251,Optrex,1
252,Otex,1
253,Aquaban,1
254,Migraleve,1
255,Regaine,1
256,Nicorette,1
257,DKNY,0
258,Britney Spears,0
259,Paris Hilton,0
260,Showpard,0
261,IceBerg,0
262,Vitabiotics,1
263,David Beckham,0
264,Gant,0
266,Lancaster,0
267,Caudalie,1
268,Relax,0
270,Robitussin,1
271,Olbas,1
272,Karvol,0
273,Potters,1
274,Lemsip,1
275,Sudarub,0
276,Sudafed,1
277,Sinutab,1
278,Perskindol,0
279,Deep Heat,1
282,Voltarol,1
283,Solpadeine,1
284,Cuxson,1
285,Zantac,1
286,Dulcolax,1
287,Glycerin,1
288,Ex-Lax,1
289,Motilium,0
290,Pepcidtwo,0
291,Piriteze,1
293,Zirtek,1
294,Eumocream,1
295,Hc45,1
296,Dermacort,1
297,Eumovate,1
298,Neutrogena,1
299,Nizorelle,0
300,Nizoral,1
301,Olive Oil,0
302,Cerumol,1
303,Pregaine,0
304,HemoClin,1
305,Preparation H,1
306,Milton,0
307,Nicotinell,1
308,First Response,1
310,Persona,0
312,Diflucan,0
313,Elastoplast,1
314,Savlon,1
315,Sea-Band,1
316,Joy-Rides,0
317,Kwells,1
318,Stugeron,1
319,Incognito,0
320,FreeStyle Lite,0
322,Omron,1
324,Predictor,0
325,Virasorb,1
326,Niquitin,1
327,Cystopurin,1
329,Statutory,0
330,FastAid,1
331,Scholl,1
332,Mosi-Guard,1
333,Vicks,1
334,St Tropez,1
335,Actislim,0
336,Formoline,0
337,Lipobind,0
338,Prelox,0
339,Viapro,1
340,Nourkrin,1
341,Vitalux,0
342,Super Wernets,1
343,Antistax,1
344,Bodytox,0
345,Spatone,1
346,LitoZin,0
347,Elegant Touch,1
348,Optima,0
349,PharmaClinix,0
350,Zestra,0
351,Phyto,1
352,Solgar,1
353,Acnisal,0
354,Algesal,1
355,Allergenics,1
356,Simple,1
357,Vichy,1
358,Sebamed,1
359,Arnicare,0
360,AAA,1
361,Nelsons,1
362,Alpecin,1
363,Gamucci,0
364,Michael Kors,0
365,Klorane,1
367,Eye 2 Eye Contactz,0
368,Elancyl,0
369,Rene Furterer,0
370,Aderma,1
372,Calrub,0
374,Do-Do,0
375,Fenox,1
376,Parkinson's,0
378,Liqufruta,0
379,Meltus,0
380,Paramol,1
381,PR,0
382,Propain,0
383,Radian B,1
384,Ralgex,0
385,Bradosol,0
386,Disprol,0
387,Feldene,0
389,Ibugel,0
390,Lloyds,0
391,Movelat,1
392,Paracodol,1
393,Dulcoease,1
394,Isogel,0
395,Bio-oil,1
396,Burneze,0
397,Cetraben,1
398,Hydromol,1
399,Lanacane,0
400,Cymex,1
401,Lacri-Lube,1
402,Opticrom,1
403,Liquifilm,1
404,Otosan,1
405,Quies,1
406,Anacal,0
407,Dioctyl,0
408,Kool N Soothe,1
409,Hedrin,1
410,Lice Attack,0
411,Nitty Gritty,1
412,Prioderm,0
413,Lyclear,1
414,Morhulin,0
416,Infacol,1
417,Crafe Away,1
418,Pharmaton,1
419,Backosamine,0
420,Fibresure,0
421,K Y,1
422,ICaps,1
423,Amo,1
424,PreserVision,0
425,Nicam,0
426,Oxy,0
427,Anbesol,1
428,Corlan,0
429,Difflam,1
430,Gold Spot,1
431,Medijel,1
432,Merocaine,0
433,Merocets,0
434,Corsodyl,1
435,Orajel,1
436,Bazuka,1
437,ClearZal BAC,1
438,Chapstick,1
439,Lipcote,0
440,Wax Away,0
441,Minadex,0
442,Subhu's,0
446,Eylure,1
447,Marc Jacobs,1
448,Chloe,1
449,Vera Wang,0
450,Perfect 10,0
451,Christina Aguilera,0
452,City Chick,0
453,Tommy Hilfiger,0
454,Aramis,0
455,Sean John,0
456,Quinoderm,1
457,Murad,0
458,Thierry Mugler,0
459,Colpermin,1
460,Lite,0
461,Ducray,0
462,Darphin,1
463,Nupal Remedies,0
464,Anna Sui,0
465,Christian Dior,0
466,Elizabeth Arden,0
467,Escada,0
468,Feraud,0
469,Max Mara,0
470,Lanvin,0
471,Sonia Rykiel,0
472,Torrente,0
473,Bvlgari,1
474,Chantal Thomass,0
475,Gianfranco Ferre,0
476,Christian Lacroix,0
477,Van Cleef &amp; Arpels,0
478,Roberto Cavalli,0
479,Moschino,0
480,Versace,0
481,Isabella Rossellini,0
482,Kibio,0
483,Roger &amp; Gallet,1
484,I Coloniali,1
485,Atkinsons,0
486,Potions &amp; Possibilities,0
487,Tisserand,1
488,Valentino,1
490,RoC,0
491,Honey B,0
492,Viviscal,0
494,AloeDent,1
495,Dermalogica,1
496,La Roche-Posay,1
497,Vega ProVen,0
498,Plantur 39,1
499,Alli,0
500,Naturaleve,0
501,Girls With Attitude,0
502,Nytol,1
503,Equazen,1
504,Ahava,0
505,Weleda,1
506,Life Mel,0
507,Fushi,0
508,Burt&#39;s Bees,1
509,Aloe Pura,1
510,Badger Balm,1
511,Crabtree &amp; Evelyn,1
512,Hermes,0
513,Skin Doctors,1
514,Oral-B,1
515,Epaderm,1
516,Philips,1
517,Pasante,0
519,Fever Scan,0
520,Nivea,1
521,Guerlain,1
522,Mavala,1
523,Quickies,0
524,Sally Hansen,1
525,Earth Friendly Baby,1
526,Schwarzkopf,0
527,Nailtiques,0
528,Skin Benefits,1
529,Corn Silk,0
530,TCP,0
531,Oscar + Dehn Ltd,0
532,Dexeryl,1
533,Mefix,1
534,Opsite,0
535,Oppo,0
536,Smith Kendon,0
537,Ricola,1
538,Victory,0
539,Lucozade Sport,0
540,Romed,0
541,Seven Seas,1
542,Salus Epresat,0
543,Ener-C,1
544,Marigold,0
545,Natures Aid,1
546,Kleenex,0
547,Mountain Breeze,0
548,Seabond,1
549,Wernets,0
550,Sweetex,0
551,Splenda,0
552,Stute,0
553,Design-Go,1
554,Bebemui,0
555,Nimba,0
556,Kent,1
557,Mason Pearson,1
558,Anatomicals,0
559,A.Vogel,1
560,Comme des Garcons,0
561,Vivienne Westwood,0
562,Prada,1
563,Absolute Aromas,1
564,Visconti Di Modrone,0
565,Jean Paul Gaultier,0
566,Elave,1
567,Issey Miyake,0
568,Activ,0
569,Addis,1
570,After Bite,1
571,A'kin,0
572,Lab Series For Men,0
573,La Voglia Matta,0
574,Alberto VO5,1
575,Iglu,1
576,Yankee Candle,1
577,Aroma Home,1
579,Rubis,0
580,Vitality 4 Life,0
581,MediBee,0
583,Estee Lauder,0
584,Together Health Drinks,0
585,4711,1
586,Feminax,1
588,Colgate,1
589,Lavera,1
590,SureSign,0
591,SleepPro,0
592,Lavere,0
593,Madara,0
594,Primavera,1
595,theBalm,0
596,Vagisil,0
597,Edwin Jagger,0
599,Celebrity Slim,0
600,Saicara,0
601,Higher Nature,1
602,Wilkinson Sword,1
603,Nix,1
604,Rio Amazon,0
605,Melissa &amp; Doug,1
606,Seatone,0
607,Valie of Switzerland,0
608,OPI,1
609,Lamberts,1
610,Cowshed,1
611,OptiBac Probiotics,1
612,Apicare,0
613,Lierac,0
614,Pukka,1
615,Orange Care,0
616,Mohdoh,0
617,Fudge,1
618,Barefoot Botanicals,1
619,Druide,0
620,Kae,0
621,Lluvia,0
622,Vega Cellular,0
623,Neocell,0
624,JST,0
625,Sukin,1
626,Zamu,0
627,Viridian,1
628,PhytoSpecific,0
629,NBG 24:7,0
630,Naturtint,1
631,Natures Plus,1
632,Nature&#39;s Own,1
633,Provamel,0
634,Eskimo,1
635,Sambucol,1
636,Comvita,1
637,Frutina,0
638,Ella&#39;s Kitchen,1
639,Lyme Regis Foods,0
640,Australian Bush Flower,0
641,Nutrigen,0
642,Green People,1
643,Jason,1
644,Nice N Clear,0
645,Bio-Health,1
646,Detox Your World,0
647,MBT,0
648,Tomy,1
649,Neal&#39;s Yard Remedies,1
652,NoRinse,0
653,Oasis,1
654,Di Palomo,1
655,Kerastase,0
656,Cetaphil,1
657,Boheme,0
658,Vega Wellness,0
659,Richibrown,0
660,Flomax,1
661,Zambesia Botanica,0
662,Planet Health,1
663,Kosmea,0
664,Nature&#39;s Answer,0
665,Jimmy Choo,0
666,Pain Gone,0
667,Kinetica,1
668,Bios Life,0
669,Cysticlean,0
670,Rehband,0
671,Medi Direct,0
672,Dr LeWinn&#39;s,0
673,Dr Hauschka,1
674,Jane Packer,0
675,USN,1
676,Chuut,0
677,Therasnore,1
678,Waterpik,1
679,He-Shi,1
680,Trilogy,1
681,Razorpit,0
682,TePe,1
683,Ekulf,1
684,Dr Denti,1
685,Dentemp,0
686,Mont Blanc,1
687,MaxiNutrition,1
688,Euthymol,1
689,Hemp Natural,0
690,Electroflex,1
691,Femstrual,0
692,Retainer Brite,1
693,Nougat,0
694,Sine-Klear,0
695,PhD Nutrition,1
696,Science in Sport,1
697,Molinard,0
698,Tongue Detox,0
699,National Trust,0
700,Houbigant,0
701,Panadol,1
702,Curasept,1
703,Jean Charles Brosseau,0
704,Antipodes,1
705,Aromatherapy Associates,1
706,Acorelle Skin Care,1
707,Lovea,0
708,Radius,1
709,Tommee Tippee,1
710,Ms Manicure,0
711,Ms Pedicure,0
712,Tweezerman,1
713,Stylfile,0
714,Opal London,1
715,Baggee,0
716,Yes To,1
717,Elie Saab,0
718,Ashleigh &amp; Burwood,0
719,Durance,0
720,Le Petit Olivier,1
721,Tend Skin,0
722,Laura Ashley,0
723,Kneipp,1
724,Clarisonic,0
725,Henri Lloyd,0
726,Dr. Bronner's,1
727,HeShaveDoc+Or,1
728,Mr. Men,0
729,PureDerm,1
730,Elemis,1
731,Brush-Baby,1
732,Prevalin,1
733,Stella McCartney,0
734,EcoTools,1
735,Honey New Zealand,1
736,Nina Ricci,0
737,Pharma Nord,1
738,LipZor,1
739,Strepsils,1
740,MOR,0
741,Salcura,1
742,Aspirin,0
743,TrionZ,1
744,Freedom,1
745,BetterYou,1
746,Bolin Webb,1
747,Mr &amp; Mrs,0
748,Reduline,0
749,925,1
750,A.I. Sports Nutrition,0
751,Accufitness,0
752,Accu-Measure,0
753,Actimint,0
754,Activ Juice,0
755,Activpet,0
756,Alara,1
757,Almost Human,0
758,Alba Botanica,0
759,Allergycare,0
760,Alibi,0
761,Aloe 99,0
762,All Pro,0
763,Allsep's Yummiees,0
764,Aloe Shot,0
765,Alva,1
766,Alvin Connor,0
767,Amisa,1
768,Animal,0
769,Aqua Oleum,1
770,AOR,0
771,Api-ar,0
772,Applied Nutrition,0
773,Applied Nutriceuticals,0
774,Aqua Burst,0
775,Arkopharma,1
776,Australian Bodycare,0
777,Ascenta,0
778,Aspall,0
779,Attitude Drink,0
780,Attitude,1
781,Atkins,0
782,Australian Tea Tree,1
783,Aubrey Organics,0
784,ProFoot,0
785,OrthoSole,0
786,Status,0
787,Bobble,1
788,NHS,1
789,This Works,1
790,Mama Mio,0
791,Galpharm,1
792,Annabel Karmel,0
793,Affinity Bay,0
794,The Gruffalo,0
795,Tiger Balm,1
796,Star Balm,1
797,NeilMed,1
798,Clairol,0
799,Lil-Lets,1
800,Palmer&#39;s,1
801,Dr Brown's,1
802,NUK,1
803,MAM,1
804,Lansinoh,1
805,Snufflebabe,1
806,Potette Plus,0
807,Fashion Collection,0
808,Lady Jayne,0
809,Power Breathe,0
810,The First Years,0
811,Prettycherubs,0
812,Allergan,1
813,Omega7,0
814,Imperial Leather,0
815,Ramer,1
816,Calypso,1
817,Riffi,1
818,Sapphire Health,0
819,Tampax,1
820,Vigroids,0
821,Manuka Doctor,1
822,MSD,0
823,Vocalzone,1
824,The Ginger People,1
825,Napiers,0
826,Eshish,0
827,Ashton &amp; Parsons,1
828,Boucheron,0
829,Lady Gaga,0
830,Superdry,0
831,Ombre,0
832,Baldessarini,0
833,Lid-care,0
834,Vital X,0
835,MadeByZen,0
836,Paracetamol,1
837,Redoxon,1
838,Berrocca,0
839,Renew Life,1
840,Miradent,1
841,Sudocrem,1
842,Ibucalm,1
843,Steripod,0
844,Beauty Junky,1
845,Mudd Original Mask,1
846,Flower Power,0
847,NPW,0
848,Bear,1
849,CamNutra,0
850,Denman,1
851,Olay,1
852,Blepha,1
853,Detox Patch-it,0
854,Michel Design Works,1
855,Dead Sea Spa Magik,1
856,Ectoline,0
857,Panier Des Sens,0
858,CB12,1
859,Scottish Fine Soaps,0
860,Value Health,0
861,Salonpas,0
863,Ovex,1
864,Rennie,1
865,Nicolites,1
866,Jerome Russell Bblonde,1
867,Seven Wonders,0
868,Nuromol,1
869,SELFCheck,0
870,Zanprol,1
871,Gavilast,1
872,Transvasin,1
873,Pripsen,0
874,Pantoloc,1
875,Veganin,1
876,Pepto-Bismol,1
877,Tums,1
878,Woodward's,1
879,Pernaton,1
880,Ellimans,0
881,Care +,1
882,PoxClin,1
883,Clippasafe,1
884,Go Travel,1
885,Aymes,0
886,Electrolade,0
887,Scaramouche &amp; Fandango,1
888,Strefen,1
889,Bio2You,1
890,Zita West,1
891,Midrid,1
892,Berkeley Square,0
893,Greenland,1
894,Jellyworks,0
895,A To Z,1
896,Salus,1
897,Spilly Spoon,0
898,Terra Nova,1
899,Bobino,1
900,F&amp;ncy,0
901,Yoomi,1
902,Comptoirs &amp; Compagnies,0
903,HayMax,1
904,Numark,0
905,Otrivine,1
906,Phenergan,1
907,Dida,0
908,Riemann,1
909,LimbO,0
910,Peditech,0
911,Snoreeze,1
912,Natural Patches,0
913,Incognito Anti-Moisquito,1
914,Mosi-Band,1
915,Ben&#39;s,1
916,Eye,0
917,EarPlanes,1
918,Sina Original,1
919,Fabric Care,0
920,Listerine,1
921,Pantene,0
922,Cuticura,1
923,Klinion,0
924,Wella,0
925,Lynx,0
926,Munchkin,0
927,Fill n Squeeze,1
928,Orla Kiely,0
929,Tweed,0
930,Remington,0
931,BaByliss,1
932,Fashy,0
933,Immerse,1
934,D C,1
935,Medicareplus,1
936,Bray,0
937,OcuSoft,1
938,Original Source,1
939,Boiron,1
940,Schwabe,1
941,Nicole By OPI,0
942,Babycup,1
943,Gygel,0
944,Amazing Grass,1
945,Good Health,0
946,Good Night,0
947,Source Naturals,1
948,Ortisan,1
949,Grisol,1
950,Bug Band,1
951,BioCare,1
952,LifeStream,1
953,Seagreens,0
954,Himalaya,1
955,Heinz,1
956,Ultradex,1
957,5 Point Plus,0
958,Ansmann,0
959,Babasac,0
960,Baby Art,0
961,Banz,1
962,Beautiful Beginnings,1
963,Bibisili,0
964,Boon,0
965,Bumbo,0
966,Caboodle,0
967,Clevamama,0
968,D for Diamond,1
969,Diono,0
970,DK,0
971,Doidy,1
972,Dribble Ons,0
973,East Coast,1
974,Elephant,0
975,Eurobambino,0
976,Faye and Lou,0
977,Goldbug,1
978,Great Gizmos,1
979,Gumigem,1
980,Hippychick,0
981,Infantino,0
982,Izziwotnot,0
983,Jamm,0
984,Kids Kit,1
985,Kidzzfarm,0
986,Koo-di,1
987,Lamaze,1
988,Lights Out,0
989,Little Wonders,0
990,Metro Soft Toys,0
991,Mocc Ons,0
992,My Flipper,0
993,Nursery Connections,0
994,PHP,0
995,Pipsy Koala,1
996,Polar Gear,1
997,Prince Lionheart,1
998,Red Kite,1
999,Rukka,0
1000,Safety 1st,1
1001,Sassy,0
1002,Sleepytot,0
1003,Sock Ons,1
1004,Tiny Love,0
1005,Xplorys,1
1006,Zoggs,1
1007,Vaseline,1
1008,Bioderma,1
1009,L&#39;Occitane,1
1010,Bliss,0
1011,Beau Jardin,0
1012,SMA,1
1013,Nanny Care,1
1014,Cow &amp; Gate,0
1015,Aptamil,1
1016,Hipp Organic,1
1017,Lamisil,1
1018,Beyonce,0
1019,Cath Kidston,1
1020,Baylis &amp; Harding,0
1021,Panasonic,0
1022,Dreambaby,1
1023,Ego Professional,0
1024,Eleven O&#39;Clock,0
1025,Allos,0
1026,Alo,0
1027,Amy's,0
1028,Avalon Organics,1
1029,Babynat,0
1030,Belvoir,0
1031,Beond,1
1032,Berry White,0
1033,Big Oz,1
1034,Birt &amp; Tang,1
1035,Bob&#39;s Red Mill,1
1036,Booja-Booja,1
1037,Bounce,1
1038,Brightbridge,0
1039,Bulldog,1
1040,Cawston Press,1
1041,Celestial,0
1042,Cherry Active,1
1043,Chi,0
1044,Chocoreale,0
1045,Clipper,1
1046,Consenza,0
1047,Creative Nature,1
1048,De Rit,0
1049,Delamere,0
1050,Dietary Specials,0
1051,Dorset Cereals,0
1052,Doves,1
1053,Dr Karg,1
1054,Dragonfly,1
1055,Dynamint,0
1056,Ecozone,1
1057,Ekoland,0
1058,Esti,0
1059,Fitness Pharma,0
1060,The Food Doctor,1
1061,Free to Enjoy,0
1062,G.G.,0
1063,Green &amp; Black&#39;s,1
1064,Hale &amp; Hearty,1
1065,Hambleden,1
1066,Hampstead,1
1067,Harrogate,0
1068,Heath &amp; Heather,1
1069,Icelandic,0
1070,J Friend,0
1071,Jordans,1
1072,Kallo,1
1073,Kaow Hom,0
1074,Lima,0
1075,London Fruit &amp; Herb,0
1076,Manuka Health,1
1077,Meridian,1
1078,Method,1
1079,Molenaartje,1
1080,Mornflake,1
1081,Nakd,1
1082,Natracare,1
1083,Nature&#39;s Finest,0
1084,Nature&#39;s Path,0
1085,NHP,1
1086,Novogen,0
1087,Ogilvys,0
1088,Orangina,0
1089,Organic Surge,0
1090,Organix,1
1091,Paterson,0
1092,Peppersmith,1
1093,Percol,1
1094,Peter Rabbit,0
1095,Phytodol,0
1096,Phytoshield,0
1097,Pittapatta,0
1098,Plum Baby,0
1099,Prewetts,1
1100,Pulsin,1
1101,Pure Via,0
1102,Qi,1
1103,R.W. Garcia,0
1104,Rabenhorst,0
1105,Rawbite,0
1106,Rawganic,0
1107,Rice Dream,0
1108,Ridgways,0
1109,Roots &amp; Wings,1
1110,Rude Health,1
1111,Salt Of The Earth,1
1112,Simply Gentle,1
1113,Sno,0
1114,So Good,0
1115,Spa,0
1116,St Dalfour,1
1117,Steenbergs,1
1118,Steens,0
1119,Sunrise Fat Free,1
1120,Sunwheel,0
1121,Tartex,0
1122,Teapigs,1
1123,Terra,0
1124,The Berry Company,0
1125,Thorncroft,0
1126,Tick Tock,1
1127,Today Was Fun,0
1128,Trufree,0
1129,Vertese,1
1130,Vitahealth,0
1131,Whole Earth,1
1132,Wild Ferns,1
1133,Willow,0
1134,Yogi Tea,1
1135,Yorkshire,0
1136,Alba Hawaiian,0
1137,Mustela,1
1138,Aphrodite,1
1139,Balance Activ,1
1140,Arganic,0
1141,Ambiance Cosmetics,1
1142,Brown Earth,1
1143,Bioglan,1
1144,Bional,1
1145,Blue Green,1
1146,Bionutrition,0
1147,BonPom,1
1148,Chia Bia,1
1149,Efamol,1
1150,Biotest,0
1151,Cobra Labs,0
1152,Cocoa Loco,1
1153,Calm Natural,0
1154,Cotswold Health Products,1
1155,Carley's Organic,1
1156,Double Dragon,0
1157,Dr Stuarts,1
1158,Divine Chocolate,1
1160,Dr Bach,1
1161,Celine Dion,0
1162,English Tea Shop,0
1163,Equal Exchange,1
1164,ESI,1
1165,Foltene,1
1166,Greenbay,1
1167,Gehwol,1
1168,Golden Emu Oil,1
1169,Green Foods,1
1170,Good For You Girls,0
1171,Hafkalk,1
1172,Herbatint,1
1173,Higher Living,1
1174,Boditronics,0
1175,BSN,0
1176,Body Supreme,0
1177,Bio-Synergy,1
1178,Cellucor,0
1179,Biotivia,0
1180,Big Tree Farms,1
1181,Blender Bottle,0
1182,BPI,0
1183,Body Shapers,1
1184,CNP,0
1185,Ovelle,1
1186,Controlled Labs,0
1187,Core 150,0
1188,Cytosport,0
1189,Coconom,0
1190,Dog Oil,1
1192,Dorian Yates,0
1193,Dymatize Nutrition,0
1194,Gaspari,1
1195,Garnell Nutrition,0
1196,Genki,0
1197,High 5,1
1198,Hyperstrength,1
1199,Inner Armour,1
1200,Isatori,0
1201,Isopure,1
1202,Secuvie,0
1203,Glucotabs,0
1204,MHP,0
1205,MRI,0
1206,Met-rx,0
1207,Maxifuel,0
1208,Muscle Meds,0
1209,Muscletech,0
1210,Matt Roberts,0
1211,Muscle Pharm,0
1212,My Protein,0
1213,MyVitamins,0
1214,Nutrisport,0
1215,Nuun,0
1216,Optimum Nutrition,0
1217,Smartsun,1
1218,Skin Blossom,1
1219,REN,1
1220,Khadi,1
1221,Compagnie De Provence,0
1222,Nuxe,1
1223,Calypso Sun Protection,0
1224,Ultrasun,1
1225,Red Box,1
1226,Little Champ,0
1227,Esthederm,0
1228,IL HWA,1
1229,Optive,0
1230,Douvall&#39;s,0
1231,Nilaqua,1
1232,Stop'n Grow,1
1233,Early Learning Centre,0
1234,Shealife,1
1235,Hydra-Vital,1
1236,Wedderspoon,0
1237,U Little Beauty,0
1238,Junior Joy,0
1239,Childs Farm,1
1240,Andalou Naturals,1
1241,Ecocare,1
1242,Medihoney,0
1243,TRESemme,1
1244,Hygan,1
1245,Nuby,1
1246,Tena,1
1247,Wow Cup,0
1248,Flexiseq,1
1249,Inika,1
1250,Hydr&#233;a,1
1251,Body Ammo,0
1252,Medicare,1
1253,ColdZyme,1
1254,Junior Macare,0
1255,Migraitan,1
1256,SwimSeal,1
1257,DaliVit,1
1258,Bio-Kult,1
1259,Probio,1
1260,Watson &amp; Son,0
1261,FitVits,1
1262,Metanium,1
1263,Lucy Bee,1
1264,Kabrita,1
1265,eos,0
1266,Tantrum,0
1267,SEN CHA Naturals,1
1268,VerMints,1
1269,Ecover,1
1270,e-cloth,1
1271,Bio D,1
1272,EcoForce,1
1273,Percy Nobleman&#39;s,1
1274,Source Balance,1
1275,Nexium,1
1276,Oloves,1
1277,Airmax,1
1278,OatWell,1
1279,IncaRose,1
1280,Snor-ring,1
1281,Alvita,0
1282,The Eye Doctor+,1
1283,Thera Pearl,1
1284,Sterimar,1
1285,Superfruit,1
1286,New Nordic,1
1287,Halls,0
1288,Defenders of Wildlife,0
1289,Hyabak,1
1290,Thealoz,1
1291,Hope&#39;s Relief,1
1292,Excilor,1
1293,Pirinase,1
1294,Xylitol,1
1295,Gopo,1
1296,Peterkin,0
1297,New Era,1
1298,Ben Cohen,0
1299,Generous,1
1300,Ecoegg,0
1301,SweetPeaPantry,1
1302,Kintaro,1
1303,Delicious Alchemy,1
1304,Dermalex,1
1305,Prime Fifty,1
1306,Green Origins,1
1307,Uvistat,1
1308,Queen Bee,1
1309,Anne French,1
1310,Emla,1
1311,Acnecide,1
1312,Benecos,1
1313,Kromland Farm,1
1314,Promensil,1
1315,Neuner&#39;s,1
1316,Mumma Love Organics,1
1317,Tints of Nature,1
1318,Power Health,1
1319,Nature&#39;s Way,1
1322,Nailner,1
1323,Spotner,0
1324,Caveman,1
1328,Clearspring,1
1329,Nua Naturals,1
1330,Nutiva,1
1331,Proviotic,0
1332,Inecto Naturals,1
1333,My Trusty,1
1334,Westlab,1
1335,Naturita,1
1336,That Protein,1
1337,The Organic Protein Company,1
1338,ohso,0
1339,Nairn&#39;s,1
1340,Up Nutrition,0
1341,Goody Good Stuff,1
1342,Viscotears,0
1343,Holle,1
1344,Stur,0
1345,QV,1
1346,Cavalier,0
1347,Masdeu,0
1348,Montezuma&#39;s,0
1349,Andrex,0
1350,Rose &amp; Co,0
1351,Minami,1
1352,Hot Hands,1
1353,Salitair,0
1354,Planet Organic,0
1355,Plamil,0
1356,Michel Mercier,0
1357,Lazy Day Foods,0
1358,Monty Bojangles,0
1359,Wilson&#39;s,0
1360,Enterosgel,1
1361,Coconut Merchant,1
1362,Scope,1
1363,Pure Gold,1
1364,Morris &amp; Co,1
1365,Mio,0
1366,Just Natural,0
1367,Rio treading,1
1368,Healtharena Inulin,1
1370,Lifesteam,0
1371,Sun Chlorella,1
1372,Marmalade of London,0
1373,Allpresan,1
1374,ORIGANii Everyday Organics,1
1375,O.R.S.,0
1376,Medicool,1
1377,Bath Time Adventures,1
1378,Naturally European,1
1379,Aromas Artesanales de Antigua,1
1380,Wiley&#39;s Finest,1
1381,Cleanmarine,1
1382,House of Argan,1
1383,Coach,0
1384,James Bond,1
1385,Magma London,1
1386,Peppermint Grove Australia,1
1387,Kew Royal Botanic Gardens,1
1388,Grace Cole England,1
1389,Decorus,1
1390,Atlas Silks,0
1391,Sanderson,1
1392,ActiPatch,1
1393,The Real Honey Company,1
1394,New Horizon,1
1395,Ultra Chloraseptic,1
1396,Wisdom,0
1397,Duri,1
1398,Lepicol,1
1399,Boostball,1
1400,Korres,1
1401,Tangle Teezer,1
1402,Heathcote &amp; Ivory,1
1403,Papaya Gold,1
1404,Skin Republic,1
1405,Frezyderm,1
1406,Jelly Bears,1
1407,First Steps,1
1408,Taylor&#39;s 32,1
1409,Taka Turmeric,1
1410,Spry,1
1411,Nature&#39;s Greatest Secret,1
1412,Soccer Supplement,1
1413,Eat Real,1
1414,Planet Paleo,1
1415,Mushrooms 4 Life,1
1416,Living Nutrition,1
1417,Equilibra,1
1418,iWhite,1
1419,Swissdent,1
1420,Bellamianta,1
1421,Perspi-Guard,1
1422,Perspirex,1
1423,Naturya,1
1424,Miqura,1
1425,Kira,1
1426,ImmiFlex,1
1427,Pacifica,1
1428,Bug Soother,1
1429,Natural Teeth Whitening Co,1
1430,Irish Botanica,1
1431,Eye Logic,1
1432,Doddle Bags,1
1433,Belvas,1
1434,Gustare Raw Honey,1
1435,Mixa,1
1436,Botanico Vida,1
1437,Wahl,1
